Oscar T Ramirez,2023-07-17,nafiur.test@outlook.com
Dana J Thompson,2023-07-17,nafiur.test@outlook.com
Aaron Trujillo,2023-07-17,nafiur.test@outlook.com
Lori Denham,2023-07-18,nafiur.test@outlook.com
Adam Hechavarria,2023-07-19,nafiur.test@outlook.com
MJ Kenny,2023-07-20,nafiur.test@outlook.com
Lisa Kountoupes,2023-07-21,nafiur.test@outlook.com
Randi Reid,2023-07-22,nafiur.test@outlook.com
Maura Keefe,2023-07-23,nafiur.test@outlook.com
Brian Greer,2023-07-24,nafiur.test@outlook.com
Matthew Johnson,2023-07-25,nafiur.test@outlook.com
Izzy Klein,2023-07-26,nafiur.test@outlook.com
Katie Weider,2023-07-27,nafiur.test@outlook.com
Rodney Whitlock,2023-07-28,nafiur.test@outlook.com
Leonard Jr Bickwit,2023-07-29,nafiur.test@outlook.com
Marc J Gerson,2023-07-30,nafiur.test@outlook.com
